sub-SPAIN01_ses-A_task-squeeze_run-1_bold,28
sub-SPAIN01_ses-A_task-squeeze_run-2_bold,28
sub-SPAIN01_ses-B_task-squeeze_run-1_bold,27
sub-SPAIN01_ses-B_task-squeeze_run-2_bold,27
sub-SPAIN02_ses-A_task-squeeze_run-1_bold,27
sub-SPAIN02_ses-A_task-squeeze_run-2_bold,27
sub-SPAIN02_ses-B_task-squeeze_run-1_bold,23
sub-SPAIN02_ses-B_task-squeeze_run-2_bold,23
sub-SPAIN04_ses-A_task-squeeze_run-1_bold,25
sub-SPAIN04_ses-A_task-squeeze_run-2_bold,25
sub-SPAIN04_ses-B_task-squeeze_run-1_bold,26
sub-SPAIN04_ses-B_task-squeeze_run-2_bold,26
sub-SPAIN06_ses-A_task-squeeze_run-1_bold,26
sub-SPAIN06_ses-A_task-squeeze_run-2_bold,26
sub-SPAIN06_ses-B_task-squeeze_run-1_bold,23
sub-SPAIN06_ses-B_task-squeeze_run-2_bold,23
sub-SPAIN07_ses-A_task-squeeze_run-1_bold,25
sub-SPAIN07_ses-A_task-squeeze_run-2_bold,25
sub-SPAIN07_ses-B_task-squeeze_run-1_bold,26
sub-SPAIN07_ses-B_task-squeeze_run-2_bold,26
sub-SPAIN08_ses-A_task-squeeze_run-1_bold,26
sub-SPAIN08_ses-A_task-squeeze_run-2_bold,26
sub-SPAIN08_ses-B_task-squeeze_run-1_bold,24
sub-SPAIN08_ses-B_task-squeeze_run-2_bold,24
sub-SPAIN11_ses-A_task-squeeze_run-1_bold,26
sub-SPAIN11_ses-A_task-squeeze_run-2_bold,26
sub-SPAIN11_ses-B_task-squeeze_run-1_bold,23
sub-SPAIN11_ses-B_task-squeeze_run-2_bold,23
sub-SPAIN13_ses-A_task-squeeze_run-1_bold,24
sub-SPAIN13_ses-A_task-squeeze_run-2_bold,24
sub-SPAIN13_ses-B_task-squeeze_run-1_bold,26
sub-SPAIN13_ses-B_task-squeeze_run-2_bold,26
sub-SPAIN15_ses-A_task-squeeze_run-1_bold,28
sub-SPAIN15_ses-A_task-squeeze_run-2_bold,28
sub-SPAIN15_ses-B_task-squeeze_run-1_bold,25
sub-SPAIN15_ses-B_task-squeeze_run-2_bold,25
sub-SPAIN16_ses-A_task-squeeze_run-1_bold,27
sub-SPAIN16_ses-A_task-squeeze_run-2_bold,27
sub-SPAIN16_ses-B_task-squeeze_run-1_bold,25
sub-SPAIN16_ses-B_task-squeeze_run-2_bold,25
sub-SPAIN19_ses-A_task-squeeze_run-1_bold,28
sub-SPAIN19_ses-A_task-squeeze_run-2_bold,28
sub-SPAIN19_ses-B_task-squeeze_run-1_bold,24
sub-SPAIN19_ses-B_task-squeeze_run-2_bold,24
sub-SPAIN20_ses-A_task-squeeze_run-1_bold,23
sub-SPAIN20_ses-A_task-squeeze_run-2_bold,23
sub-SPAIN20_ses-B_task-squeeze_run-1_bold,25
sub-SPAIN20_ses-B_task-squeeze_run-2_bold,25
sub-SPAIN21_ses-A_task-squeeze_run-1_bold,27
sub-SPAIN21_ses-A_task-squeeze_run-2_bold,27
sub-SPAIN21_ses-B_task-squeeze_run-1_bold,26
sub-SPAIN21_ses-B_task-squeeze_run-2_bold,26
sub-SPAIN24_ses-A_task-squeeze_run-1_bold,23
sub-SPAIN24_ses-A_task-squeeze_run-2_bold,23
sub-SPAIN24_ses-B_task-squeeze_run-1_bold,24
sub-SPAIN24_ses-B_task-squeeze_run-2_bold,24
sub-SPAIN25_ses-A_task-squeeze_run-1_bold,21
sub-SPAIN25_ses-A_task-squeeze_run-2_bold,21
sub-SPAIN25_ses-B_task-squeeze_run-1_bold,25
sub-SPAIN25_ses-B_task-squeeze_run-2_bold,25
sub-SPAIN26_ses-A_task-squeeze_run-1_bold,25
sub-SPAIN26_ses-A_task-squeeze_run-2_bold,25
sub-SPAIN26_ses-B_task-squeeze_run-1_bold,27
sub-SPAIN26_ses-B_task-squeeze_run-2_bold,27
sub-SPAIN27_ses-A_task-squeeze_run-1_bold,29
sub-SPAIN27_ses-A_task-squeeze_run-2_bold,29
sub-SPAIN27_ses-B_task-squeeze_run-1_bold,28
sub-SPAIN27_ses-B_task-squeeze_run-2_bold,28
sub-SPAIN28_ses-A_task-squeeze_run-1_bold,27
sub-SPAIN28_ses-A_task-squeeze_run-2_bold,27
sub-SPAIN28_ses-B_task-squeeze_run-1_bold,27
sub-SPAIN28_ses-B_task-squeeze_run-2_bold,27
sub-SPAIN30_ses-A_task-squeeze_run-1_bold,24
sub-SPAIN30_ses-A_task-squeeze_run-2_bold,24
sub-SPAIN30_ses-B_task-squeeze_run-1_bold,25
sub-SPAIN30_ses-B_task-squeeze_run-2_bold,25
sub-SPAIN31_ses-A_task-squeeze_run-1_bold,27
sub-SPAIN31_ses-A_task-squeeze_run-2_bold,27
sub-SPAIN31_ses-B_task-squeeze_run-1_bold,24
sub-SPAIN31_ses-B_task-squeeze_run-2_bold,24
sub-SPAIN32_ses-A_task-squeeze_run-1_bold,25
sub-SPAIN32_ses-A_task-squeeze_run-2_bold,25
sub-SPAIN32_ses-B_task-squeeze_run-1_bold,24
sub-SPAIN32_ses-B_task-squeeze_run-2_bold,24
sub-SPAIN36_ses-A_task-squeeze_run-1_bold,24
sub-SPAIN36_ses-A_task-squeeze_run-2_bold,24
sub-SPAIN36_ses-B_task-squeeze_run-1_bold,27
sub-SPAIN36_ses-B_task-squeeze_run-2_bold,27
sub-SPAIN38_ses-A_task-squeeze_run-1_bold,27
sub-SPAIN38_ses-A_task-squeeze_run-2_bold,27
sub-SPAIN38_ses-B_task-squeeze_run-1_bold,25
sub-SPAIN38_ses-B_task-squeeze_run-2_bold,25
sub-SPAIN39_ses-A_task-squeeze_run-1_bold,25
sub-SPAIN39_ses-A_task-squeeze_run-2_bold,25
sub-SPAIN39_ses-B_task-squeeze_run-1_bold,26
sub-SPAIN39_ses-B_task-squeeze_run-2_bold,26
sub-SPAIN40_ses-A_task-squeeze_run-1_bold,29
sub-SPAIN40_ses-A_task-squeeze_run-2_bold,29
sub-SPAIN40_ses-B_task-squeeze_run-1_bold,31
sub-SPAIN40_ses-B_task-squeeze_run-2_bold,31
sub-SPAIN41_ses-A_task-squeeze_run-1_bold,27
sub-SPAIN41_ses-A_task-squeeze_run-2_bold,27
sub-SPAIN41_ses-B_task-squeeze_run-1_bold,29
sub-SPAIN41_ses-B_task-squeeze_run-2_bold,29
sub-SPAIN44_ses-A_task-squeeze_run-1_bold,28
sub-SPAIN44_ses-A_task-squeeze_run-2_bold,28
sub-SPAIN44_ses-B_task-squeeze_run-1_bold,29
sub-SPAIN44_ses-B_task-squeeze_run-2_bold,29
sub-SPAIN49_ses-A_task-squeeze_run-1_bold,28
sub-SPAIN49_ses-A_task-squeeze_run-2_bold,28
sub-SPAIN49_ses-B_task-squeeze_run-1_bold,27
sub-SPAIN49_ses-B_task-squeeze_run-2_bold,27
sub-SPAIN52_ses-A_task-squeeze_run-1_bold,28
sub-SPAIN52_ses-A_task-squeeze_run-2_bold,28
sub-SPAIN52_ses-B_task-squeeze_run-1_bold,26
sub-SPAIN52_ses-B_task-squeeze_run-2_bold,26
sub-SPAIN55_ses-A_task-squeeze_run-1_bold,30
sub-SPAIN55_ses-A_task-squeeze_run-2_bold,30
sub-SPAIN55_ses-B_task-squeeze_run-1_bold,29
sub-SPAIN55_ses-B_task-squeeze_run-2_bold,29
